,binding E,GCN,CN1,CN2,ratio surface,GCN mean,CN1 mean,CN2 mean
0,-1.4743500000000003,5.083333333333333,4.0,1.0,0.95,5.2,5.4,1.3
1,-1.6287500000000004,2.75,5.0,1.0,0.9,5.324999999999999,5.5,1.3
2,-1.4743500000000003,4.083333333333333,4.0,1.0,0.95,5.05,5.5,1.3
3,-1.4743500000000003,4.666666666666667,4.0,1.0,0.95,5.258333333333332,5.4,1.2
4,-1.77835,6.916666666666667,9.0,0.0,0.95,5.4125,5.6,1.3
5,-1.6329500000000003,7.666666666666667,8.0,3.0,0.95,5.029166666666667,5.4,1.3
6,-1.77835,4.833333333333333,5.0,0.0,0.95,4.891666666666667,5.5,1.3
7,-1.6287500000000004,5.916666666666667,5.0,1.0,0.95,5.2041666666666675,5.5,1.3
8,-1.6329500000000003,7.0,8.0,3.0,0.95,5.408333333333333,5.6,1.3
9,-1.6287500000000004,6.583333333333333,6.0,1.0,0.9,5.266666666666667,5.5,1.3
10,-1.4743500000000003,2.9166666666666665,4.0,1.0,0.95,5.4833333333333325,5.6,1.2
11,-1.77835,5.583333333333333,5.0,0.0,0.95,5.791666666666668,5.6,1.4
12,-1.8209999999999997,2.1666666666666665,5.0,2.0,0.95,5.345833333333333,5.6,1.4
13,-1.6144366666666665,4.416666666666667,3.0,1.0,0.95,5.874999999999999,5.6,1.3
14,-1.8209999999999997,4.666666666666667,5.0,2.0,0.95,5.029166666666667,5.4,1.4
15,-1.8209999999999997,7.5,8.0,3.0,0.9,5.666666666666666,5.8,1.5
16,-1.8209999999999997,6.166666666666667,7.0,2.0,0.95,5.4,5.5,1.3
17,-1.8209999999999997,6.083333333333333,7.0,2.0,0.95,5.6625000000000005,5.5,1.3
18,-1.6144366666666665,3.25,3.0,1.0,0.95,5.345833333333333,5.5,1.3
19,-1.599486666666666,5.75,3.0,0.0,0.95,5.3291666666666675,5.5,1.3
20,-1.4743500000000003,5.916666666666667,4.0,1.0,0.95,5.783333333333333,5.6,1.3
21,-1.6287500000000004,3.9166666666666665,6.0,1.0,0.95,5.320833333333334,5.4,1.3
22,-1.6287500000000004,5.333333333333333,6.0,1.0,0.95,5.304166666666666,5.4,1.3
23,-1.6339933333333332,4.166666666666667,3.0,0.0,0.9,4.8999999999999995,5.4,1.4
24,-1.4743500000000003,4.75,4.0,1.0,0.9,5.3125,5.5,1.4
25,-1.6287500000000004,6.75,9.0,1.0,0.9,5.2958333333333325,5.5,1.4
26,-1.6329500000000003,7.833333333333333,9.0,2.0,0.9,5.341666666666667,5.5,1.4
27,-1.6287500000000004,5.0,6.0,1.0,0.9,5.549999999999999,5.6,1.4
28,-1.6287500000000004,5.833333333333333,5.0,1.0,0.9,5.3875,5.5,1.4
29,-1.6329500000000003,6.833333333333333,7.0,3.0,0.9,5.5041666666666655,5.6,1.4
30,-1.6287500000000004,6.833333333333333,5.0,1.0,0.9,5.283333333333333,5.4,1.5
31,-1.6330599999999997,2.6666666666666665,4.0,0.0,0.9,5.437500000000001,5.5,1.4
32,-1.6330599999999997,4.833333333333333,4.0,0.0,0.9,5.425,5.5,1.5
33,-1.8209999999999997,4.166666666666667,6.0,2.0,0.9,5.633333333333334,5.6,1.5
34,-1.8209999999999997,6.0,7.0,2.0,0.95,4.679166666666666,5.0,1.3
35,-1.8017999999999994,5.083333333333333,5.0,1.0,0.95,4.658333333333333,5.0,1.3
36,-1.8209999999999997,4.75,5.0,2.0,0.95,5.1375,5.2,1.2
37,-1.8209999999999997,7.416666666666667,7.0,3.0,0.95,4.8999999999999995,5.1,1.5
38,-1.8209999999999997,6.333333333333333,6.0,2.0,,,,
39,-1.7034366666666665,2.0833333333333335,2.0,1.0,,,,
40,-1.6330599999999997,5.166666666666667,4.0,0.0,,,,
41,-1.6287500000000004,3.0833333333333335,6.0,1.0,,,,
42,-1.77835,5.416666666666667,5.0,0.0,,,,
43,-1.46875,4.916666666666667,3.0,1.0,,,,
44,-1.6329500000000003,5.75,8.0,2.0,,,,
45,-1.6329500000000003,7.333333333333333,8.0,3.0,,,,
46,-1.4743500000000003,4.083333333333333,4.0,1.0,,,,
47,-1.6287500000000004,6.75,5.0,1.0,,,,
48,-1.6287500000000004,6.916666666666667,9.0,1.0,,,,
49,-1.6287500000000004,5.25,5.0,1.0,,,,
50,-1.6287500000000004,3.75,6.0,1.0,,,,
51,-1.6287500000000004,5.5,6.0,1.0,,,,
52,-1.6339933333333332,3.5,3.0,0.0,,,,
53,-1.8209999999999997,3.6666666666666665,5.0,2.0,,,,
54,-1.8209999999999997,4.75,6.0,2.0,,,,
55,-1.6144366666666665,3.5,3.0,1.0,,,,
56,-1.8209999999999997,6.083333333333333,7.0,3.0,,,,
57,-1.8209999999999997,5.25,6.0,2.0,,,,
58,-1.8209999999999997,6.416666666666667,6.0,2.0,,,,
59,-1.8017999999999994,3.9166666666666665,5.0,1.0,,,,
60,-1.4743500000000003,5.166666666666667,4.0,1.0,,,,
61,-1.6287500000000004,3.0833333333333335,5.0,1.0,,,,
62,-1.6287500000000004,4.75,5.0,1.0,,,,
63,-1.6339933333333332,3.4166666666666665,3.0,0.0,,,,
64,-1.4743500000000003,4.583333333333333,4.0,1.0,,,,
65,-1.77835,6.833333333333333,9.0,0.0,,,,
66,-1.6329500000000003,7.916666666666667,8.0,3.0,,,,
67,-1.77835,5.083333333333333,6.0,0.0,,,,
68,-1.6287500000000004,5.75,5.0,1.0,,,,
69,-1.6329500000000003,6.833333333333333,8.0,2.0,,,,
70,-1.6287500000000004,6.666666666666667,6.0,1.0,,,,
71,-1.46875,2.6666666666666665,3.0,1.0,,,,
72,-1.6330599999999997,5.5,4.0,0.0,,,,
73,-1.8209999999999997,2.25,5.0,2.0,,,,
74,-1.6684699999999995,4.75,4.0,1.0,,,,
75,-1.8209999999999997,4.666666666666667,5.0,2.0,,,,
76,-1.8209999999999997,7.333333333333333,8.0,3.0,,,,
77,-1.8209999999999997,6.333333333333333,7.0,2.0,,,,
78,-1.8209999999999997,6.0,6.0,2.0,,,,
79,-1.599486666666666,5.583333333333333,3.0,0.0,,,,
80,-1.6330599999999997,5.25,4.0,0.0,,,,
81,-1.6287500000000004,3.6666666666666665,6.0,1.0,,,,
82,-1.6287500000000004,5.416666666666667,6.0,1.0,,,,
83,-1.6339933333333332,4.333333333333333,3.0,0.0,,,,
84,-1.46875,4.25,3.0,1.0,,,,
85,-1.6287500000000004,6.333333333333333,8.0,1.0,,,,
86,-1.6329500000000003,8.333333333333334,9.0,3.0,,,,
87,-1.6287500000000004,5.75,6.0,1.0,,,,
88,-1.4743500000000003,5.416666666666667,4.0,1.0,,,,
89,-1.6329500000000003,6.75,8.0,2.0,,,,
90,-1.6287500000000004,6.916666666666667,6.0,1.0,,,,
91,-1.4743500000000003,2.3333333333333335,4.0,1.0,,,,
92,-1.77835,5.416666666666667,5.0,0.0,,,,
93,-1.8209999999999997,4.0,5.0,2.0,,,,
94,-1.8209999999999997,6.083333333333333,7.0,2.0,,,,
95,-1.8017999999999994,5.166666666666667,5.0,1.0,,,,
96,-1.8209999999999997,7.333333333333333,7.0,3.0,,,,
97,-1.8209999999999997,6.333333333333333,7.0,2.0,,,,
98,-1.8209999999999997,6.333333333333333,6.0,2.0,,,,
99,-1.6144366666666665,2.8333333333333335,3.0,1.0,,,,
100,-1.4743500000000003,5.0,4.0,1.0,,,,
101,-1.6287500000000004,2.75,5.0,1.0,,,,
102,-1.4743500000000003,4.0,4.0,1.0,,,,
103,-1.4743500000000003,4.666666666666667,4.0,1.0,,,,
104,-1.77835,6.5,9.0,0.0,,,,
105,-1.6329500000000003,7.333333333333333,8.0,3.0,,,,
106,-1.77835,4.416666666666667,5.0,0.0,,,,
107,-1.6287500000000004,6.25,5.0,1.0,,,,
108,-1.6329500000000003,6.916666666666667,8.0,3.0,,,,
109,-1.6287500000000004,6.5,6.0,1.0,,,,
110,-1.6287500000000004,3.75,5.0,1.0,,,,
111,-1.77835,6.0,6.0,0.0,,,,
112,-1.6339933333333332,3.3333333333333335,3.0,0.0,,,,
113,-1.8209999999999997,2.1666666666666665,5.0,2.0,,,,
114,-1.6144366666666665,3.9166666666666665,3.0,1.0,,,,
115,-1.8209999999999997,4.583333333333333,5.0,2.0,,,,
116,-1.8209999999999997,7.25,7.0,3.0,,,,
117,-1.8209999999999997,5.833333333333333,6.0,2.0,,,,
118,-1.8209999999999997,6.083333333333333,6.0,2.0,,,,
119,-1.6684699999999995,3.3333333333333335,4.0,1.0,,,,
120,-1.4743500000000003,5.916666666666667,4.0,1.0,,,,
121,-1.6287500000000004,3.3333333333333335,6.0,1.0,,,,
122,-1.77835,5.416666666666667,5.0,0.0,,,,
123,-1.4743500000000003,5.5,4.0,1.0,,,,
124,-1.6329500000000003,6.333333333333333,9.0,2.0,,,,
125,-1.6329500000000003,6.916666666666667,8.0,2.0,,,,
126,-1.4743500000000003,3.4166666666666665,4.0,1.0,,,,
127,-1.6287500000000004,6.666666666666667,6.0,1.0,,,,
128,-1.6329500000000003,7.166666666666667,8.0,2.0,,,,
129,-1.4743500000000003,4.75,4.0,1.0,,,,
130,-1.77835,4.083333333333333,6.0,0.0,,,,
131,-1.6287500000000004,4.916666666666667,5.0,1.0,,,,
132,-1.6339933333333332,2.75,3.0,0.0,,,,
133,-1.8209999999999997,3.8333333333333335,6.0,2.0,,,,
134,-1.8209999999999997,4.75,6.0,2.0,,,,
135,-1.6144366666666665,3.5,3.0,1.0,,,,
136,-1.8209999999999997,4.833333333333333,6.0,2.0,,,,
137,-1.8209999999999997,6.25,7.0,3.0,,,,
138,-1.8209999999999997,4.833333333333333,6.0,2.0,,,,
139,-1.6684699999999995,2.6666666666666665,4.0,1.0,,,,
140,-1.46875,5.25,3.0,1.0,,,,
141,-1.6287500000000004,3.5833333333333335,5.0,1.0,,,,
142,-1.6287500000000004,5.5,5.0,1.0,,,,
143,-1.6330599999999997,4.75,4.0,0.0,,,,
144,-1.6329500000000003,6.75,8.0,2.0,,,,
145,-1.6287500000000004,7.333333333333333,9.0,1.0,,,,
146,-1.6287500000000004,4.583333333333333,5.0,1.0,,,,
147,-1.6287500000000004,6.0,6.0,1.0,,,,
148,-1.6329500000000003,7.0,8.0,3.0,,,,
149,-1.6287500000000004,6.833333333333333,5.0,1.0,,,,
150,-1.77835,4.0,6.0,0.0,,,,
151,-1.6287500000000004,5.583333333333333,5.0,1.0,,,,
152,-1.6339933333333332,2.8333333333333335,3.0,0.0,,,,
153,-1.8209999999999997,5.333333333333333,6.0,2.0,,,,
154,-1.6684699999999995,4.0,4.0,1.0,,,,
155,-1.8209999999999997,4.166666666666667,5.0,2.0,,,,
156,-1.8209999999999997,7.416666666666667,7.0,3.0,,,,
157,-1.8209999999999997,5.666666666666667,6.0,2.0,,,,
158,-1.8209999999999997,4.75,6.0,2.0,,,,
159,-1.6684699999999995,2.75,4.0,1.0,,,,
160,-1.6330599999999997,5.166666666666667,4.0,0.0,,,,
161,-1.6287500000000004,3.3333333333333335,6.0,1.0,,,,
162,-1.6287500000000004,6.333333333333333,5.0,1.0,,,,
163,-1.46875,4.333333333333333,3.0,1.0,,,,
164,-1.6287500000000004,6.333333333333333,8.0,1.0,,,,
165,-1.6329500000000003,8.0,9.0,3.0,,,,
166,-1.6287500000000004,5.416666666666667,5.0,1.0,,,,
167,-1.4743500000000003,5.833333333333333,4.0,1.0,,,,
168,-1.6329500000000003,7.083333333333333,8.0,2.0,,,,
169,-1.6287500000000004,6.833333333333333,6.0,1.0,,,,
170,-1.6287500000000004,3.1666666666666665,5.0,1.0,,,,
171,-1.77835,6.0,6.0,0.0,,,,
172,-1.6339933333333332,3.25,3.0,0.0,,,,
173,-1.8209999999999997,3.8333333333333335,5.0,2.0,,,,
174,-1.8209999999999997,5.583333333333333,7.0,2.0,,,,
175,-1.6684699999999995,4.75,4.0,1.0,,,,
176,-1.8209999999999997,7.166666666666667,7.0,3.0,,,,
177,-1.8209999999999997,5.833333333333333,7.0,2.0,,,,
178,-1.8209999999999997,6.666666666666667,6.0,2.0,,,,
179,-1.6684699999999995,3.25,4.0,1.0,,,,
180,-1.4743500000000003,5.833333333333333,4.0,1.0,,,,
181,-1.6287500000000004,3.5833333333333335,6.0,1.0,,,,
182,-1.6287500000000004,6.25,5.0,1.0,,,,
183,-1.4743500000000003,4.833333333333333,4.0,1.0,,,,
184,-1.6287500000000004,6.75,9.0,1.0,,,,
185,-1.6329500000000003,7.5,9.0,2.0,,,,
186,-1.6287500000000004,4.666666666666667,5.0,1.0,,,,
187,-1.6287500000000004,6.25,5.0,1.0,,,,
188,-1.6329500000000003,7.166666666666667,7.0,3.0,,,,
189,-1.6287500000000004,6.75,5.0,1.0,,,,
190,-1.77835,3.4166666666666665,5.0,0.0,,,,
191,-1.77835,5.333333333333333,5.0,0.0,,,,
192,-1.6339933333333332,2.5,3.0,0.0,,,,
193,-1.8209999999999997,4.0,6.0,2.0,,,,
194,-1.8209999999999997,5.5,7.0,2.0,,,,
195,-1.6684699999999995,4.666666666666667,4.0,1.0,,,,
196,-1.8209999999999997,4.75,5.0,2.0,,,,
197,-1.8209999999999997,7.25,7.0,3.0,,,,
198,-1.8209999999999997,5.833333333333333,6.0,2.0,,,,
199,-1.6144366666666665,2.5,3.0,1.0,,,,
200,-1.6339933333333332,2.1666666666666665,3.0,0.0,,,,
201,-1.77835,4.833333333333333,6.0,0.0,,,,
202,-1.6287500000000004,4.166666666666667,6.0,1.0,,,,
203,-1.6287500000000004,5.583333333333333,6.0,1.0,,,,
204,-1.6339933333333332,4.333333333333333,3.0,0.0,,,,
205,-1.6287500000000004,4.666666666666667,5.0,1.0,,,,
206,-1.6329500000000003,7.083333333333333,8.0,2.0,,,,
207,-1.6329500000000003,8.0,9.0,3.0,,,,
208,-1.6287500000000004,5.416666666666667,6.0,1.0,,,,
209,-1.46875,5.833333333333333,3.0,1.0,,,,
210,-1.6287500000000004,6.75,7.0,1.0,,,,
211,-1.6287500000000004,6.416666666666667,6.0,1.0,,,,
212,-1.6339933333333332,4.833333333333333,3.0,0.0,,,,
213,-1.6684699999999995,2.9166666666666665,4.0,1.0,,,,
214,-1.8209999999999997,4.916666666666667,6.0,2.0,,,,
215,-1.8209999999999997,6.583333333333333,7.0,2.0,,,,
216,-1.8017999999999994,5.25,5.0,1.0,,,,
217,-1.8209999999999997,7.833333333333333,7.0,3.0,,,,
218,-1.8209999999999997,6.333333333333333,7.0,2.0,,,,
219,-1.8017999999999994,5.75,5.0,1.0,,,,
220,-1.77835,5.166666666666667,5.0,0.0,,,,
221,-1.6287500000000004,3.6666666666666665,6.0,1.0,,,,
222,-1.6287500000000004,7.0,5.0,1.0,,,,
223,-1.4743500000000003,4.75,4.0,1.0,,,,
224,-1.6329500000000003,7.166666666666667,8.0,2.0,,,,
225,-1.6329500000000003,8.083333333333334,9.0,3.0,,,,
226,-1.6287500000000004,5.333333333333333,5.0,1.0,,,,
227,-1.4743500000000003,5.916666666666667,4.0,1.0,,,,
228,-1.6287500000000004,7.166666666666667,8.0,1.0,,,,
229,-1.6287500000000004,6.25,6.0,1.0,,,,
230,-1.46875,2.1666666666666665,3.0,1.0,,,,
231,-1.6330599999999997,5.25,4.0,0.0,,,,
232,-1.6144366666666665,2.8333333333333335,3.0,1.0,,,,
233,-1.8209999999999997,5.25,7.0,2.0,,,,
234,-1.8209999999999997,7.0,8.0,2.0,,,,
235,-1.6684699999999995,5.333333333333333,4.0,1.0,,,,
236,-1.8209999999999997,7.916666666666667,8.0,3.0,,,,
237,-1.8209999999999997,6.416666666666667,7.0,3.0,,,,
238,-1.8209999999999997,6.666666666666667,5.0,2.0,,,,
239,-1.6288366666666665,6.5,3.0,1.0,,,,
240,-1.77835,5.0,5.0,0.0,,,,
241,-1.6287500000000004,3.3333333333333335,6.0,1.0,,,,
242,-1.6287500000000004,6.5,5.0,1.0,,,,
243,-1.4743500000000003,4.666666666666667,4.0,1.0,,,,
244,-1.6329500000000003,6.75,8.0,2.0,,,,
245,-1.6329500000000003,8.083333333333334,9.0,3.0,,,,
246,-1.6287500000000004,5.333333333333333,5.0,1.0,,,,
247,-1.4743500000000003,5.916666666666667,4.0,1.0,,,,
248,-1.6329500000000003,6.916666666666667,8.0,2.0,,,,
249,-1.6287500000000004,6.416666666666667,6.0,1.0,,,,
250,-1.4743500000000003,2.4166666666666665,4.0,1.0,,,,
251,-1.77835,5.333333333333333,5.0,0.0,,,,
252,-1.6144366666666665,2.5,3.0,1.0,,,,
253,-1.8209999999999997,4.25,6.0,2.0,,,,
254,-1.8209999999999997,6.0,7.0,2.0,,,,
255,-1.6684699999999995,4.833333333333333,4.0,1.0,,,,
256,-1.8209999999999997,7.583333333333333,7.0,3.0,,,,
257,-1.8209999999999997,5.916666666666667,7.0,2.0,,,,
258,-1.8209999999999997,6.333333333333333,6.0,2.0,,,,
259,-1.6144366666666665,2.8333333333333335,3.0,1.0,,,,
260,-1.77835,5.083333333333333,5.0,0.0,,,,
261,-1.6287500000000004,4.0,6.0,1.0,,,,
262,-1.6287500000000004,5.666666666666667,6.0,1.0,,,,
263,-1.6339933333333332,4.416666666666667,3.0,0.0,,,,
264,-1.4743500000000003,4.416666666666667,4.0,1.0,,,,
265,-1.6329500000000003,7.083333333333333,8.0,2.0,,,,
266,-1.6329500000000003,8.083333333333334,9.0,3.0,,,,
267,-1.6287500000000004,5.583333333333333,6.0,1.0,,,,
268,-1.46875,5.5,3.0,1.0,,,,
269,-1.6287500000000004,7.083333333333333,7.0,1.0,,,,
270,-1.6287500000000004,6.583333333333333,6.0,1.0,,,,
271,-1.6339933333333332,4.916666666666667,3.0,0.0,,,,
272,-1.6144366666666665,2.8333333333333335,3.0,1.0,,,,
273,-1.8209999999999997,5.416666666666667,7.0,2.0,,,,
274,-1.8209999999999997,7.416666666666667,8.0,2.0,,,,
275,-1.8017999999999994,5.75,5.0,1.0,,,,
276,-1.8209999999999997,8.0,8.0,3.0,,,,
277,-1.8209999999999997,6.833333333333333,7.0,3.0,,,,
278,-1.8017999999999994,6.25,5.0,1.0,,,,
279,-1.6288366666666665,6.583333333333333,3.0,1.0,,,,
280,-1.4743500000000003,5.0,4.0,1.0,,,,
281,-1.6287500000000004,2.8333333333333335,5.0,1.0,,,,
282,-1.4743500000000003,4.166666666666667,4.0,1.0,,,,
283,-1.4743500000000003,4.583333333333333,4.0,1.0,,,,
284,-1.77835,6.5,9.0,0.0,,,,
285,-1.6329500000000003,7.666666666666667,8.0,3.0,,,,
286,-1.77835,4.75,6.0,0.0,,,,
287,-1.6287500000000004,5.833333333333333,5.0,1.0,,,,
288,-1.6329500000000003,6.666666666666667,8.0,3.0,,,,
289,-1.6329500000000003,6.583333333333333,6.0,2.0,,,,
290,-1.4743500000000003,2.9166666666666665,4.0,1.0,,,,
291,-1.77835,5.5,5.0,0.0,,,,
292,-1.8209999999999997,2.1666666666666665,5.0,2.0,,,,
293,-1.6684699999999995,4.333333333333333,4.0,1.0,,,,
294,-1.8209999999999997,4.583333333333333,5.0,2.0,,,,
295,-1.8209999999999997,7.583333333333333,7.0,3.0,,,,
296,-1.8209999999999997,6.166666666666667,7.0,2.0,,,,
297,-1.6144366666666665,4.0,3.0,1.0,,,,
298,-1.8209999999999997,5.833333333333333,6.0,2.0,,,,
299,-1.6144366666666665,2.9166666666666665,3.0,1.0,,,,
300,-1.4743500000000003,6.0,4.0,1.0,,,,
301,-1.6287500000000004,3.5833333333333335,6.0,1.0,,,,
302,-1.6287500000000004,6.583333333333333,5.0,1.0,,,,
303,-1.4743500000000003,4.916666666666667,4.0,1.0,,,,
304,-1.6287500000000004,7.0,9.0,1.0,,,,
305,-1.6329500000000003,8.25,9.0,3.0,,,,
306,-1.6287500000000004,5.416666666666667,5.0,1.0,,,,
307,-1.6287500000000004,6.166666666666667,5.0,1.0,,,,
308,-1.6329500000000003,7.5,8.0,3.0,,,,
309,-1.6287500000000004,6.666666666666667,6.0,1.0,,,,
310,-1.4743500000000003,2.9166666666666665,4.0,1.0,,,,
311,-1.77835,5.583333333333333,5.0,0.0,,,,
312,-1.8209999999999997,4.083333333333333,6.0,2.0,,,,
313,-1.8209999999999997,5.75,7.0,2.0,,,,
314,-1.6684699999999995,4.916666666666667,4.0,1.0,,,,
315,-1.8209999999999997,4.916666666666667,5.0,2.0,,,,
316,-1.8209999999999997,7.416666666666667,8.0,3.0,,,,
317,-1.8209999999999997,6.083333333333333,7.0,2.0,,,,
318,-1.8209999999999997,6.583333333333333,6.0,2.0,,,,
319,-1.6144366666666665,3.0,3.0,1.0,,,,
320,-1.77835,5.25,5.0,0.0,,,,
321,-1.6287500000000004,3.8333333333333335,6.0,1.0,,,,
322,-1.6287500000000004,5.5,6.0,1.0,,,,
323,-1.6339933333333332,4.333333333333333,3.0,0.0,,,,
324,-1.6287500000000004,4.5,5.0,1.0,,,,
325,-1.6329500000000003,6.75,8.0,2.0,,,,
326,-1.6329500000000003,7.916666666666667,9.0,3.0,,,,
327,-1.6287500000000004,5.416666666666667,6.0,1.0,,,,
328,-1.4785500000000003,5.5,3.0,2.0,,,,
329,-1.6287500000000004,6.666666666666667,7.0,1.0,,,,
330,-1.6287500000000004,6.416666666666667,6.0,1.0,,,,
331,-1.6339933333333332,4.833333333333333,3.0,0.0,,,,
332,-1.6684699999999995,2.5833333333333335,4.0,1.0,,,,
333,-1.8209999999999997,4.75,6.0,2.0,,,,
334,-1.8209999999999997,6.5,7.0,2.0,,,,
335,-1.8017999999999994,5.25,5.0,1.0,,,,
336,-1.7034366666666665,2.1666666666666665,2.0,1.0,,,,
337,-1.8209999999999997,7.75,7.0,3.0,,,,
338,-1.8209999999999997,6.333333333333333,7.0,2.0,,,,
339,-1.8017999999999994,5.75,5.0,1.0,,,,
340,-1.6330599999999997,5.166666666666667,4.0,0.0,,,,
341,-1.6287500000000004,3.6666666666666665,6.0,1.0,,,,
342,-1.6287500000000004,5.416666666666667,6.0,1.0,,,,
343,-1.6339933333333332,4.416666666666667,3.0,0.0,,,,
344,-1.46875,3.9166666666666665,3.0,1.0,,,,
345,-1.6287500000000004,6.583333333333333,8.0,1.0,,,,
346,-1.6329500000000003,8.25,9.0,3.0,,,,
347,-1.6287500000000004,6.083333333333333,6.0,1.0,,,,
348,-1.46875,5.0,3.0,1.0,,,,
349,-1.6329500000000003,7.166666666666667,7.0,2.0,,,,
350,-1.6287500000000004,7.083333333333333,6.0,1.0,,,,
351,-1.6330599999999997,5.166666666666667,4.0,0.0,,,,
352,-1.8209999999999997,4.083333333333333,5.0,2.0,,,,
353,-1.8209999999999997,6.333333333333333,7.0,3.0,,,,
354,-1.8017999999999994,5.583333333333333,5.0,1.0,,,,
355,-1.8209999999999997,8.083333333333334,8.0,3.0,,,,
356,-1.8209999999999997,7.166666666666667,8.0,2.0,,,,
357,-1.8017999999999994,6.166666666666667,7.0,1.0,,,,
358,-1.7034366666666665,2.0,2.0,1.0,,,,
359,-1.6288366666666665,5.916666666666667,3.0,1.0,,,,
360,-1.77835,4.916666666666667,5.0,0.0,,,,
361,-1.6287500000000004,3.6666666666666665,6.0,1.0,,,,
362,-1.6287500000000004,5.5,6.0,1.0,,,,
363,-1.6339933333333332,4.333333333333333,3.0,0.0,,,,
364,-1.4743500000000003,4.25,4.0,1.0,,,,
365,-1.6329500000000003,6.666666666666667,8.0,2.0,,,,
366,-1.6329500000000003,8.0,9.0,3.0,,,,
367,-1.6287500000000004,5.583333333333333,6.0,1.0,,,,
368,-1.46875,5.416666666666667,3.0,1.0,,,,
369,-1.6329500000000003,6.916666666666667,7.0,2.0,,,,
370,-1.6287500000000004,6.666666666666667,6.0,1.0,,,,
371,-1.6330599999999997,4.916666666666667,4.0,0.0,,,,
372,-1.6144366666666665,2.5,3.0,1.0,,,,
373,-1.8209999999999997,4.416666666666667,6.0,2.0,,,,
374,-1.8209999999999997,6.416666666666667,7.0,2.0,,,,
375,-1.8017999999999994,5.25,5.0,1.0,,,,
376,-1.8209999999999997,7.666666666666667,7.0,3.0,,,,
377,-1.8209999999999997,6.333333333333333,7.0,2.0,,,,
378,-1.8017999999999994,5.833333333333333,6.0,1.0,,,,
379,-1.7034366666666665,1.6666666666666667,2.0,1.0,,,,
380,-1.77835,4.916666666666667,5.0,0.0,,,,
381,-1.6287500000000004,3.6666666666666665,6.0,1.0,,,,
382,-1.6287500000000004,5.5,6.0,1.0,,,,
383,-1.6339933333333332,4.333333333333333,3.0,0.0,,,,
384,-1.4743500000000003,4.25,4.0,1.0,,,,
385,-1.6329500000000003,6.666666666666667,8.0,2.0,,,,
386,-1.6329500000000003,8.0,9.0,3.0,,,,
387,-1.6287500000000004,5.583333333333333,6.0,1.0,,,,
388,-1.46875,5.416666666666667,3.0,1.0,,,,
389,-1.6287500000000004,6.75,7.0,1.0,,,,
390,-1.6329500000000003,6.5,6.0,2.0,,,,
391,-1.6330599999999997,4.916666666666667,4.0,0.0,,,,
392,-1.6144366666666665,2.5,3.0,1.0,,,,
393,-1.8209999999999997,4.416666666666667,6.0,2.0,,,,
394,-1.8209999999999997,6.416666666666667,7.0,2.0,,,,
395,-1.8017999999999994,5.25,5.0,1.0,,,,
396,-1.8209999999999997,7.666666666666667,7.0,3.0,,,,
397,-1.8209999999999997,6.333333333333333,7.0,2.0,,,,
398,-1.8017999999999994,5.833333333333333,6.0,1.0,,,,
399,-1.7034366666666665,1.6666666666666667,2.0,1.0,,,,
400,-1.77835,5.0,5.0,0.0,,,,
401,-1.6287500000000004,3.6666666666666665,6.0,1.0,,,,
402,-1.6287500000000004,5.583333333333333,6.0,1.0,,,,
403,-1.6339933333333332,4.416666666666667,3.0,0.0,,,,
404,-1.4743500000000003,4.333333333333333,4.0,1.0,,,,
405,-1.6329500000000003,7.0,8.0,2.0,,,,
406,-1.6329500000000003,8.333333333333334,9.0,3.0,,,,
407,-1.6287500000000004,5.916666666666667,6.0,1.0,,,,
408,-1.46875,5.416666666666667,3.0,1.0,,,,
409,-1.6287500000000004,7.083333333333333,7.0,1.0,,,,
410,-1.6287500000000004,6.833333333333333,6.0,1.0,,,,
411,-1.6339933333333332,5.083333333333333,3.0,0.0,,,,
412,-1.6144366666666665,2.5,3.0,1.0,,,,
413,-1.8209999999999997,4.5,6.0,2.0,,,,
414,-1.8209999999999997,6.75,7.0,3.0,,,,
415,-1.8017999999999994,5.666666666666667,5.0,1.0,,,,
416,-1.8209999999999997,8.416666666666666,8.0,3.0,,,,
417,-1.8209999999999997,7.166666666666667,8.0,2.0,,,,
418,-1.8017999999999994,6.166666666666667,6.0,1.0,,,,
419,-1.6288366666666665,5.833333333333333,3.0,1.0,,,,
420,-1.6330599999999997,5.083333333333333,4.0,0.0,,,,
421,-1.6287500000000004,3.75,6.0,1.0,,,,
422,-1.6287500000000004,5.666666666666667,6.0,1.0,,,,
423,-1.6330599999999997,4.583333333333333,4.0,0.0,,,,
424,-1.46875,3.8333333333333335,3.0,1.0,,,,
425,-1.6287500000000004,6.166666666666667,8.0,1.0,,,,
426,-1.6329500000000003,7.916666666666667,9.0,3.0,,,,
427,-1.6287500000000004,5.833333333333333,7.0,1.0,,,,
428,-1.6803499999999998,2.9166666666666665,2.0,1.0,,,,
429,-1.46875,4.916666666666667,3.0,1.0,,,,
430,-1.6329500000000003,6.75,7.0,2.0,,,,
431,-1.6287500000000004,7.0,6.0,1.0,,,,
432,-1.6330599999999997,5.0,4.0,0.0,,,,
433,-1.8209999999999997,4.0,5.0,2.0,,,,
434,-1.8209999999999997,6.166666666666667,7.0,2.0,,,,
435,-1.8209999999999997,5.5,5.0,2.0,,,,
436,-1.8209999999999997,7.25,7.0,3.0,,,,
437,-1.8209999999999997,6.583333333333333,7.0,2.0,,,,
438,-1.8017999999999994,5.833333333333333,6.0,1.0,,,,
439,-1.7034366666666665,1.6666666666666667,2.0,1.0,,,,
440,-1.6330599999999997,5.083333333333333,4.0,0.0,,,,
441,-1.6287500000000004,3.75,6.0,1.0,,,,
442,-1.6287500000000004,5.666666666666667,6.0,1.0,,,,
443,-1.6330599999999997,4.583333333333333,4.0,0.0,,,,
444,-1.46875,3.8333333333333335,3.0,1.0,,,,
445,-1.6287500000000004,6.166666666666667,8.0,1.0,,,,
446,-1.6329500000000003,7.916666666666667,9.0,3.0,,,,
447,-1.6287500000000004,5.833333333333333,7.0,1.0,,,,
448,-1.6803499999999998,2.9166666666666665,2.0,1.0,,,,
449,-1.46875,4.916666666666667,3.0,1.0,,,,
450,-1.6287500000000004,6.583333333333333,7.0,1.0,,,,
451,-1.6329500000000003,6.833333333333333,6.0,2.0,,,,
452,-1.6330599999999997,5.0,4.0,0.0,,,,
453,-1.8209999999999997,4.0,5.0,2.0,,,,
454,-1.8209999999999997,6.166666666666667,7.0,2.0,,,,
455,-1.8209999999999997,5.5,5.0,2.0,,,,
456,-1.8209999999999997,7.25,7.0,3.0,,,,
457,-1.8209999999999997,6.583333333333333,7.0,2.0,,,,
458,-1.8017999999999994,5.833333333333333,6.0,1.0,,,,
459,-1.7034366666666665,1.6666666666666667,2.0,1.0,,,,
460,-1.77835,5.0,5.0,0.0,,,,
461,-1.6329500000000003,3.1666666666666665,6.0,2.0,,,,
462,-1.6287500000000004,4.166666666666667,5.0,1.0,,,,
463,-1.856593333333333,2.6666666666666665,2.0,0.0,,,,
464,-1.4743500000000003,4.25,4.0,1.0,,,,
465,-1.6287500000000004,6.5,9.0,1.0,,,,
466,-1.6329500000000003,8.0,9.0,2.0,,,,
467,-1.6287500000000004,5.0,5.0,1.0,,,,
468,-1.4841500000000005,5.5,4.0,2.0,,,,
469,-1.6329500000000003,7.0,8.0,2.0,,,,
470,-1.6287500000000004,6.166666666666667,6.0,1.0,,,,
471,-1.4743500000000003,2.5,4.0,1.0,,,,
472,-1.77835,5.333333333333333,5.0,0.0,,,,
473,-1.6207699999999996,2.3333333333333335,3.0,2.0,,,,
474,-1.8209999999999997,4.0,5.0,2.0,,,,
475,-1.8209999999999997,5.083333333333333,6.0,2.0,,,,
476,-1.8209999999999997,7.083333333333333,7.0,3.0,,,,
477,-1.8209999999999997,5.25,6.0,2.0,,,,
478,-1.8209999999999997,6.166666666666667,6.0,2.0,,,,
479,-1.6144366666666665,2.8333333333333335,3.0,1.0,,,,
480,-1.77835,4.916666666666667,5.0,0.0,,,,
481,-1.6329500000000003,3.75,6.0,2.0,,,,
482,-1.6287500000000004,5.5,6.0,1.0,,,,
483,-1.6339933333333332,4.333333333333333,3.0,0.0,,,,
484,-1.4743500000000003,3.8333333333333335,4.0,1.0,,,,
485,-1.6287500000000004,6.583333333333333,9.0,1.0,,,,
486,-1.6329500000000003,8.25,9.0,3.0,,,,
487,-1.6287500000000004,5.583333333333333,6.0,1.0,,,,
488,-1.4785500000000003,5.0,3.0,2.0,,,,
489,-1.6329500000000003,7.166666666666667,7.0,2.0,,,,
490,-1.6287500000000004,6.75,6.0,1.0,,,,
491,-1.6330599999999997,5.0,4.0,0.0,,,,
492,-1.6207699999999996,2.25,3.0,2.0,,,,
493,-1.8209999999999997,4.5,5.0,2.0,,,,
494,-1.8209999999999997,6.166666666666667,7.0,2.0,,,,
495,-1.8017999999999994,5.166666666666667,5.0,1.0,,,,
496,-1.8209999999999997,7.666666666666667,7.0,3.0,,,,
497,-1.8209999999999997,6.333333333333333,7.0,2.0,,,,
498,-1.8017999999999994,5.833333333333333,6.0,1.0,,,,
499,-1.7034366666666665,1.6666666666666667,2.0,1.0,,,,
500,-1.77835,4.916666666666667,5.0,0.0,,,,
501,-1.6329500000000003,3.75,6.0,2.0,,,,
502,-1.6287500000000004,5.5,6.0,1.0,,,,
503,-1.6339933333333332,4.333333333333333,3.0,0.0,,,,
504,-1.4743500000000003,3.8333333333333335,4.0,1.0,,,,
505,-1.6287500000000004,6.583333333333333,9.0,1.0,,,,
506,-1.6329500000000003,8.25,9.0,3.0,,,,
507,-1.6287500000000004,5.583333333333333,6.0,1.0,,,,
508,-1.4785500000000003,5.0,3.0,2.0,,,,
509,-1.6287500000000004,7.0,7.0,1.0,,,,
510,-1.6329500000000003,6.583333333333333,6.0,2.0,,,,
511,-1.6330599999999997,5.0,4.0,0.0,,,,
512,-1.6207699999999996,2.25,3.0,2.0,,,,
513,-1.8209999999999997,4.5,5.0,2.0,,,,
514,-1.8209999999999997,6.166666666666667,7.0,2.0,,,,
515,-1.8017999999999994,5.166666666666667,5.0,1.0,,,,
516,-1.8209999999999997,7.666666666666667,7.0,3.0,,,,
517,-1.8209999999999997,6.333333333333333,7.0,2.0,,,,
518,-1.8017999999999994,5.833333333333333,6.0,1.0,,,,
519,-1.7034366666666665,1.6666666666666667,2.0,1.0,,,,
520,-1.6803499999999998,2.1666666666666665,2.0,1.0,,,,
521,-1.77835,4.25,6.0,0.0,,,,
522,-1.6329500000000003,4.083333333333333,6.0,2.0,,,,
523,-1.6287500000000004,5.583333333333333,6.0,1.0,,,,
524,-1.6339933333333332,4.333333333333333,3.0,0.0,,,,
525,-1.6287500000000004,4.083333333333333,5.0,1.0,,,,
526,-1.6287500000000004,6.833333333333333,9.0,1.0,,,,
527,-1.6329500000000003,8.25,9.0,3.0,,,,
528,-1.6287500000000004,5.416666666666667,6.0,1.0,,,,
529,-1.4785500000000003,5.25,3.0,2.0,,,,
530,-1.6287500000000004,7.0,7.0,1.0,,,,
531,-1.6287500000000004,6.5,6.0,1.0,,,,
532,-1.6339933333333332,4.916666666666667,3.0,0.0,,,,
533,-1.6207699999999996,2.0833333333333335,3.0,3.0,,,,
534,-1.8209999999999997,4.833333333333333,5.0,2.0,,,,
535,-1.8209999999999997,6.25,7.0,2.0,,,,
536,-1.8017999999999994,5.166666666666667,5.0,1.0,,,,
537,-1.8209999999999997,7.75,7.0,3.0,,,,
538,-1.8209999999999997,6.333333333333333,7.0,2.0,,,,
539,-1.8017999999999994,5.75,5.0,1.0,,,,
540,-1.77835,5.333333333333333,6.0,0.0,,,,
541,-1.6329500000000003,4.166666666666667,6.0,2.0,,,,
542,-1.6287500000000004,5.666666666666667,6.0,1.0,,,,
543,-1.6339933333333332,4.333333333333333,3.0,0.0,,,,
544,-1.6287500000000004,4.416666666666667,5.0,1.0,,,,
545,-1.6329500000000003,7.0,9.0,2.0,,,,
546,-1.6329500000000003,8.333333333333334,9.0,3.0,,,,
547,-1.6287500000000004,5.416666666666667,6.0,1.0,,,,
548,-1.4785500000000003,5.333333333333333,3.0,2.0,,,,
549,-1.6287500000000004,7.083333333333333,7.0,1.0,,,,
550,-1.6287500000000004,6.5,6.0,1.0,,,,
551,-1.6339933333333332,4.916666666666667,3.0,0.0,,,,
552,-1.6207699999999996,2.6666666666666665,3.0,2.0,,,,
553,-1.6144366666666665,3.0,3.0,1.0,,,,
554,-1.8209999999999997,4.666666666666667,6.0,2.0,,,,
555,-1.8209999999999997,6.583333333333333,7.0,2.0,,,,
556,-1.8017999999999994,5.25,5.0,1.0,,,,
557,-1.8209999999999997,8.083333333333334,7.0,3.0,,,,
558,-1.8209999999999997,6.416666666666667,7.0,2.0,,,,
559,-1.8017999999999994,5.833333333333333,5.0,1.0,,,,
560,-1.6287500000000004,5.25,5.0,1.0,,,,
561,-1.6329500000000003,3.9166666666666665,6.0,2.0,,,,
562,-1.6287500000000004,5.5,6.0,1.0,,,,
563,-1.6339933333333332,4.333333333333333,3.0,0.0,,,,
564,-1.6287500000000004,4.083333333333333,5.0,1.0,,,,
565,-1.6287500000000004,6.833333333333333,9.0,1.0,,,,
566,-1.6329500000000003,8.25,9.0,3.0,,,,
567,-1.6287500000000004,5.416666666666667,6.0,1.0,,,,
568,-1.4785500000000003,5.25,3.0,2.0,,,,
569,-1.6287500000000004,7.0,7.0,1.0,,,,
570,-1.6287500000000004,6.5,6.0,1.0,,,,
571,-1.6339933333333332,4.916666666666667,3.0,0.0,,,,
572,-1.7034366666666665,2.1666666666666665,2.0,1.0,,,,
573,-1.6928699999999992,2.5,4.0,2.0,,,,
574,-1.8209999999999997,4.666666666666667,5.0,2.0,,,,
575,-1.8209999999999997,6.166666666666667,7.0,2.0,,,,
576,-1.8017999999999994,5.166666666666667,5.0,1.0,,,,
577,-1.8209999999999997,7.75,7.0,3.0,,,,
578,-1.8209999999999997,6.333333333333333,7.0,2.0,,,,
579,-1.8017999999999994,5.75,5.0,1.0,,,,
580,-1.77835,5.416666666666667,5.0,0.0,,,,
581,-1.6329500000000003,3.9166666666666665,6.0,2.0,,,,
582,-1.6287500000000004,5.5,6.0,1.0,,,,
583,-1.6339933333333332,4.333333333333333,3.0,0.0,,,,
584,-1.6287500000000004,4.5,5.0,1.0,,,,
585,-1.6329500000000003,7.0,9.0,2.0,,,,
586,-1.6329500000000003,8.333333333333334,9.0,3.0,,,,
587,-1.6287500000000004,5.416666666666667,6.0,1.0,,,,
588,-1.4841500000000005,5.333333333333333,4.0,2.0,,,,
589,-1.6287500000000004,7.25,7.0,1.0,,,,
590,-1.6287500000000004,6.583333333333333,6.0,1.0,,,,
591,-1.6339933333333332,5.0,3.0,0.0,,,,
592,-1.6928699999999992,2.6666666666666665,4.0,2.0,,,,
593,-1.6144366666666665,2.8333333333333335,3.0,1.0,,,,
594,-1.8209999999999997,4.666666666666667,5.0,2.0,,,,
595,-1.8209999999999997,6.166666666666667,7.0,2.0,,,,
596,-1.8017999999999994,5.166666666666667,5.0,1.0,,,,
597,-1.8209999999999997,7.833333333333333,7.0,3.0,,,,
598,-1.8209999999999997,6.333333333333333,7.0,2.0,,,,
599,-1.8017999999999994,5.833333333333333,5.0,1.0,,,,
600,-1.77835,4.833333333333333,5.0,0.0,,,,
601,-1.6329500000000003,3.4166666666666665,6.0,2.0,,,,
602,-1.6287500000000004,6.5,5.0,1.0,,,,
603,-1.4743500000000003,3.8333333333333335,4.0,1.0,,,,
604,-1.6287500000000004,6.666666666666667,9.0,1.0,,,,
605,-1.6329500000000003,8.083333333333334,9.0,3.0,,,,
606,-1.6287500000000004,5.416666666666667,5.0,1.0,,,,
607,-1.4785500000000003,5.166666666666667,3.0,2.0,,,,
608,-1.6329500000000003,7.416666666666667,7.0,2.0,,,,
609,-1.6287500000000004,6.5,7.0,1.0,,,,
610,-1.77835,5.166666666666667,5.0,0.0,,,,
611,-1.6803499999999998,4.0,2.0,1.0,,,,
612,-1.6207699999999996,2.25,3.0,2.0,,,,
613,-1.8209999999999997,4.333333333333333,5.0,2.0,,,,
614,-1.8209999999999997,5.75,7.0,2.0,,,,
615,-1.6684699999999995,4.833333333333333,4.0,1.0,,,,
616,-1.8209999999999997,7.583333333333333,7.0,3.0,,,,
617,-1.8209999999999997,5.916666666666667,7.0,2.0,,,,
618,-1.8209999999999997,6.083333333333333,6.0,2.0,,,,
619,-1.7034366666666665,1.9166666666666667,2.0,1.0,,,,
620,-1.77835,4.916666666666667,5.0,0.0,,,,
621,-1.6329500000000003,3.8333333333333335,6.0,2.0,,,,
622,-1.6329500000000003,5.833333333333333,6.0,2.0,,,,
623,-1.6330599999999997,4.583333333333333,4.0,0.0,,,,
624,-1.4743500000000003,3.8333333333333335,4.0,1.0,,,,
625,-1.6287500000000004,6.5,9.0,1.0,,,,
626,-1.6329500000000003,8.25,9.0,3.0,,,,
627,-1.6287500000000004,5.666666666666667,7.0,1.0,,,,
628,-1.4785500000000003,4.916666666666667,3.0,2.0,,,,
629,-1.6287500000000004,6.916666666666667,7.0,1.0,,,,
630,-1.6287500000000004,6.833333333333333,6.0,1.0,,,,
631,-1.6339933333333332,5.0,3.0,0.0,,,,
632,-1.6207699999999996,2.25,3.0,2.0,,,,
633,-1.7034366666666665,2.9166666666666665,2.0,1.0,,,,
634,-1.8209999999999997,4.5,5.0,2.0,,,,
635,-1.8209999999999997,6.333333333333333,7.0,2.0,,,,
636,-1.8017999999999994,5.5,5.0,1.0,,,,
637,-1.8209999999999997,7.666666666666667,7.0,3.0,,,,
638,-1.8209999999999997,6.666666666666667,7.0,2.0,,,,
639,-1.8017999999999994,5.833333333333333,5.0,1.0,,,,
640,-1.77835,4.833333333333333,5.0,0.0,,,,
641,-1.6329500000000003,3.5833333333333335,6.0,2.0,,,,
642,-1.6287500000000004,6.916666666666667,5.0,1.0,,,,
643,-1.4743500000000003,3.8333333333333335,4.0,1.0,,,,
644,-1.6287500000000004,6.666666666666667,9.0,1.0,,,,
645,-1.6329500000000003,8.25,9.0,3.0,,,,
646,-1.6287500000000004,5.666666666666667,5.0,1.0,,,,
647,-1.4785500000000003,5.0,3.0,2.0,,,,
648,-1.6329500000000003,7.25,7.0,2.0,,,,
649,-1.6287500000000004,6.75,6.0,1.0,,,,
650,-1.6330599999999997,5.0,4.0,0.0,,,,
651,-1.6207699999999996,2.25,3.0,2.0,,,,
652,-1.8209999999999997,4.666666666666667,5.0,2.0,,,,
653,-1.8209999999999997,6.083333333333333,8.0,2.0,,,,
654,-1.8017999999999994,5.166666666666667,5.0,1.0,,,,
655,-1.8209999999999997,7.916666666666667,7.0,4.0,,,,
656,-1.8209999999999997,6.25,8.0,2.0,,,,
657,-1.8017999999999994,5.916666666666667,6.0,1.0,,,,
658,-1.7034366666666665,1.6666666666666667,2.0,1.0,,,,
659,-1.6288366666666665,4.833333333333333,3.0,1.0,,,,
660,-1.77835,4.916666666666667,5.0,0.0,,,,
661,-1.6329500000000003,3.8333333333333335,6.0,2.0,,,,
662,-1.6287500000000004,5.75,6.0,1.0,,,,
663,-1.46875,4.833333333333333,3.0,1.0,,,,
664,-1.4743500000000003,3.8333333333333335,4.0,1.0,,,,
665,-1.6287500000000004,6.583333333333333,9.0,1.0,,,,
666,-1.6329500000000003,8.583333333333334,9.0,3.0,,,,
667,-1.6287500000000004,5.833333333333333,7.0,1.0,,,,
668,-1.4785500000000003,4.916666666666667,3.0,2.0,,,,
669,-1.6287500000000004,7.0,7.0,1.0,,,,
670,-1.6329500000000003,7.0,6.0,2.0,,,,
671,-1.6339933333333332,5.083333333333333,3.0,0.0,,,,
672,-1.6207699999999996,2.25,3.0,2.0,,,,
673,-1.8209999999999997,4.583333333333333,5.0,2.0,,,,
674,-1.8209999999999997,6.416666666666667,7.0,2.0,,,,
675,-1.8017999999999994,5.583333333333333,6.0,1.0,,,,
676,-1.8209999999999997,8.083333333333334,7.0,3.0,,,,
677,-1.8209999999999997,6.75,8.0,2.0,,,,
678,-1.6207699999999996,4.916666666666667,3.0,2.0,,,,
679,-1.8017999999999994,5.916666666666667,5.0,1.0,,,,
680,-1.77835,4.5,5.0,0.0,,,,
681,-1.6329500000000003,3.0833333333333335,5.0,2.0,,,,
682,-1.6287500000000004,4.916666666666667,5.0,1.0,,,,
683,-1.6339933333333332,3.6666666666666665,3.0,0.0,,,,
684,-1.4743500000000003,3.5833333333333335,4.0,1.0,,,,
685,-1.77835,6.083333333333333,9.0,0.0,,,,
686,-1.6329500000000003,7.5,8.0,3.0,,,,
687,-1.77835,4.833333333333333,6.0,0.0,,,,
688,-1.4785500000000003,4.75,3.0,2.0,,,,
689,-1.6329500000000003,6.25,7.0,2.0,,,,
690,-1.6287500000000004,6.5,6.0,1.0,,,,
691,-1.6330599999999997,4.833333333333333,4.0,0.0,,,,
692,-1.6207699999999996,2.1666666666666665,3.0,2.0,,,,
693,-1.6928699999999992,2.5833333333333335,4.0,2.0,,,,
694,-1.8017999999999994,4.5,5.0,1.0,,,,
695,-1.8209999999999997,7.25,6.0,4.0,,,,
696,-1.8209999999999997,6.166666666666667,7.0,2.0,,,,
697,-1.8017999999999994,5.0,6.0,1.0,,,,
698,-1.7034366666666665,1.5833333333333333,2.0,1.0,,,,
699,-1.7156366666666665,3.8333333333333335,2.0,1.0,,,,
700,-1.6803499999999998,2.1666666666666665,2.0,1.0,,,,
701,-1.77835,4.0,6.0,0.0,,,,
702,-1.6329500000000003,3.4166666666666665,5.0,2.0,,,,
703,-1.6287500000000004,5.0,5.0,1.0,,,,
704,-1.6339933333333332,3.6666666666666665,3.0,0.0,,,,
705,-1.6287500000000004,3.8333333333333335,5.0,1.0,,,,
706,-1.77835,6.25,9.0,0.0,,,,
707,-1.6329500000000003,7.5,8.0,3.0,,,,
708,-1.77835,4.666666666666667,6.0,0.0,,,,
709,-1.4785500000000003,5.0,3.0,2.0,,,,
710,-1.6287500000000004,6.083333333333333,7.0,1.0,,,,
711,-1.6287500000000004,6.166666666666667,6.0,1.0,,,,
712,-1.6339933333333332,4.75,3.0,0.0,,,,
713,-1.6207699999999996,2.0833333333333335,3.0,3.0,,,,
714,-1.6928699999999992,2.5,4.0,2.0,,,,
715,-1.8017999999999994,4.416666666666667,5.0,1.0,,,,
716,-1.8209999999999997,7.083333333333333,6.0,4.0,,,,
717,-1.8209999999999997,5.916666666666667,7.0,2.0,,,,
718,-1.8017999999999994,4.916666666666667,5.0,1.0,,,,
719,-1.7156366666666665,3.75,2.0,1.0,,,,
720,-1.77835,4.583333333333333,5.0,0.0,,,,
721,-1.6329500000000003,3.0833333333333335,5.0,2.0,,,,
722,-1.6287500000000004,5.083333333333333,5.0,1.0,,,,
723,-1.6339933333333332,3.8333333333333335,3.0,0.0,,,,
724,-1.4743500000000003,3.6666666666666665,4.0,1.0,,,,
725,-1.77835,6.5,9.0,0.0,,,,
726,-1.6329500000000003,8.0,8.0,3.0,,,,
727,-1.77835,5.333333333333333,6.0,0.0,,,,
728,-1.4785500000000003,4.75,3.0,2.0,,,,
729,-1.6287500000000004,6.5,7.0,1.0,,,,
730,-1.6287500000000004,6.833333333333333,6.0,1.0,,,,
731,-1.6339933333333332,5.0,3.0,0.0,,,,
732,-1.6207699999999996,2.1666666666666665,3.0,2.0,,,,
733,-1.6928699999999992,2.5833333333333335,4.0,2.0,,,,
734,-1.8017999999999994,5.083333333333333,5.0,1.0,,,,
735,-1.8209999999999997,7.5,7.0,4.0,,,,
736,-1.8209999999999997,6.5,8.0,2.0,,,,
737,-1.8017999999999994,5.666666666666667,6.0,1.0,,,,
738,-1.6288366666666665,4.333333333333333,3.0,1.0,,,,
739,-1.6223199999999989,5.75,4.0,0.0,,,,
740,-1.77835,4.5,5.0,0.0,,,,
741,-1.6329500000000003,3.0833333333333335,5.0,2.0,,,,
742,-1.6287500000000004,4.916666666666667,5.0,1.0,,,,
743,-1.46875,4.0,3.0,1.0,,,,
744,-1.4743500000000003,3.5833333333333335,4.0,1.0,,,,
745,-1.77835,6.0,9.0,0.0,,,,
746,-1.6329500000000003,7.833333333333333,8.0,3.0,,,,
747,-1.77835,5.083333333333333,7.0,0.0,,,,
748,-1.4785500000000003,4.666666666666667,3.0,2.0,,,,
749,-1.6287500000000004,6.083333333333333,7.0,1.0,,,,
750,-1.6329500000000003,6.666666666666667,6.0,2.0,,,,
751,-1.6339933333333332,4.916666666666667,3.0,0.0,,,,
752,-1.6207699999999996,2.1666666666666665,3.0,2.0,,,,
753,-1.6928699999999992,2.5833333333333335,4.0,2.0,,,,
754,-1.8209999999999997,4.916666666666667,5.0,2.0,,,,
755,-1.8209999999999997,7.416666666666667,6.0,3.0,,,,
756,-1.8209999999999997,6.333333333333333,8.0,2.0,,,,
757,-1.6928699999999992,4.583333333333333,4.0,2.0,,,,
758,-1.8209999999999997,5.083333333333333,5.0,2.0,,,,
759,-1.7135699999999994,3.5833333333333335,2.0,2.0,,,,
